﻿{
    "ProtocolConfiguration": {
        "Magic": 7630401,
        "AddressVersion": 31,
        "AnonymousAddressVersion": 30,
        "StealthAddressVersion": 90,
        "RingSize": 7,
      "StandbyValidators": [
        "02b99b9f0c80b1179de041a76e0185ed472e06bf1cf58ccc6046b681f067ef9cc6",
        "0312c9427f734395ff4beecd7e9d2b05a030f26a29fcdf7eef5aca6c7be79be3ae"
      ],
        "SeedList": [
            "54.64.191.2:10039",
            "52.197.188.81:10039"
        ],
        "SystemFee": {
            "EnrollmentTransaction": 1000,
            "IssueTransaction": 500,
            "PublishTransaction": 500,
            "RegisterTransaction": 10000
        },
	"NetType": "" 
    }
}
